"","Transaction_ID","Customer_ID","Product","Category","Quantity","Price","Total_Cost","Purchase_Date","Payment_Method","Customer_Region"
"1",1,1415,"Mouse","Accessories",8,4900,39200,2023-12-02,"Cryptocurrency","East"
"2",2,1463,"Smartphone","Electronics",1,1400,1400,2023-10-11,"Cryptocurrency","East"
"3",3,1179,"Headphones","Accessories",5,1000,5000,2023-12-19,"PayPal","West"
"4",4,1014,"Mouse","Electronics",3,1050,3150,2023-09-21,"Cash","East"
"5",5,1195,"Headphones","Electronics",6,3550,21300,2023-09-08,"Credit Card","West"
"6",6,1426,"Monitor","Electronics",2,4050,8100,2023-02-20,"Credit Card","South"
"7",7,1306,"Tablet","Accessories",1,4000,4000,2023-03-09,"Debit Card","East"
"8",8,1118,"Tablet","Accessories",7,4400,30800,2023-04-18,"Cryptocurrency","Central"
"9",9,1299,"Mouse","Electronics",1,800,800,2023-10-26,"Cryptocurrency","South"
"10",10,1229,"Headphones","Electronics",8,1100,8800,2023-07-03,"Cryptocurrency","North"
"11",11,1244,"Keyboard","Accessories",3,4650,13950,2023-09-24,"Cash","South"
"12",12,1014,"Tablet","Electronics",2,4100,8200,2023-01-10,"Bank Transfer","North"
"13",13,1374,"Laptop","Accessories",10,1050,10500,2023-03-26,"Debit Card","East"
"14",14,1153,"Headphones","Accessories",3,4350,13050,2023-04-27,"Bank Transfer","West"
"15",15,1090,"Smartphone","Accessories",5,4100,20500,2023-07-22,"Bank Transfer","South"
"16",16,1091,"Laptop","Electronics",8,2250,18000,2023-01-02,"Bank Transfer","East"
"17",17,1256,"Monitor","Electronics",1,4600,4600,2023-03-18,"Credit Card","Central"
"18",18,1197,"Smartphone","Electronics",2,2150,4300,2023-02-28,"PayPal","West"
"19",19,1499,"Headphones","Accessories",4,3500,14000,2023-05-05,"Debit Card","West"
"20",20,1091,"Mouse","Accessories",7,3250,22750,2023-06-02,"Bank Transfer","North"
"21",21,1441,"Tablet","Accessories",5,4250,21250,2023-05-31,"Credit Card","South"
"22",22,1348,"Monitor","Electronics",10,1150,11500,2023-10-03,"PayPal","Central"
"23",23,1137,"Monitor","Accessories",4,4150,16600,2023-07-15,"Debit Card","East"
"24",24,1477,"Tablet","Accessories",8,1250,10000,2023-10-18,"Cryptocurrency","Central"
"25",25,1355,"Smartwatch","Electronics",1,4150,4150,2023-07-21,"Cash","West"
"26",26,1328,"Tablet","Electronics",5,3750,18750,2023-06-29,"Debit Card","Central"
"27",27,1026,"Tablet","Electronics",7,1500,10500,2023-01-01,"Debit Card","West"
"28",28,1007,"Laptop","Electronics",6,850,5100,2023-12-06,"Cash","North"
"29",29,1426,"Smartphone","Electronics",10,2100,21000,2023-03-24,"Bank Transfer","East"
"30",30,1137,"Keyboard","Electronics",1,4400,4400,2023-06-16,"Cash","East"
"31",31,1254,"Smartwatch","Electronics",10,4850,48500,2023-05-02,"PayPal","West"
"32",32,1211,"Mouse","Accessories",7,1350,9450,2023-10-22,"Bank Transfer","North"
"33",33,1420,"Headphones","Accessories",2,1250,2500,2023-04-06,"Cash","West"
"34",34,1078,"Smartphone","Accessories",10,650,6500,2023-12-18,"PayPal","North"
"35",35,1081,"Smartphone","Accessories",5,2400,12000,2023-03-04,"PayPal","North"
"36",36,1043,"Mouse","Accessories",3,3550,10650,2023-02-06,"Debit Card","Central"
"37",37,1359,"Mouse","Electronics",2,2250,4500,2023-02-28,"Bank Transfer","South"
"38",38,1373,"Smartphone","Electronics",6,4600,27600,2023-06-25,"Debit Card","East"
"39",39,1332,"Smartwatch","Accessories",2,1600,3200,2023-10-14,"Bank Transfer","East"
"40",40,1143,"Keyboard","Accessories",3,4050,12150,2023-03-27,"Credit Card","North"
"41",41,1032,"Headphones","Accessories",3,1400,4200,2023-07-06,"PayPal","West"
"42",42,1490,"Mouse","Electronics",4,4000,16000,2023-06-30,"Debit Card","West"
"43",43,1109,"Headphones","Accessories",9,4250,38250,2023-12-07,"PayPal","West"
"44",44,1263,"Smartphone","Electronics",5,3750,18750,2023-04-02,"Bank Transfer","South"
"45",45,1393,"Smartwatch","Accessories",2,1350,2700,2023-05-22,"Bank Transfer","South"
"46",46,1425,"Mouse","Accessories",9,3300,29700,2023-09-07,"Debit Card","North"
"47",47,1330,"Smartwatch","Accessories",1,2850,2850,2023-12-11,"Cryptocurrency","North"
"48",48,1023,"Headphones","Accessories",7,1600,11200,2023-05-20,"Cryptocurrency","Central"
"49",49,1411,"Keyboard","Accessories",1,1000,1000,2023-03-25,"Cash","West"
"50",50,1444,"Tablet","Electronics",6,550,3300,2023-12-14,"Debit Card","East"
"51",51,1309,"Mouse","Electronics",1,2750,2750,2023-12-19,"Bank Transfer","North"
"52",52,1135,"Smartphone","Electronics",6,4900,29400,2023-04-15,"Cash","West"
"53",53,1309,"Mouse","Accessories",8,4900,39200,2023-04-21,"Cryptocurrency","Central"
"54",54,1411,"Smartwatch","Accessories",10,1300,13000,2023-05-30,"PayPal","North"
"55",55,1224,"Mouse","Accessories",2,1550,3100,2023-01-23,"Debit Card","East"
"56",56,1166,"Headphones","Electronics",5,4300,21500,2023-05-02,"Cash","West"
"57",57,1217,"Tablet","Electronics",10,4750,47500,2023-09-08,"Cash","South"
"58",58,1290,"Laptop","Electronics",2,1700,3400,2023-08-03,"PayPal","South"
"59",59,1477,"Smartwatch","Accessories",5,3200,16000,2023-01-20,"Credit Card","West"
"60",60,1069,"Smartphone","Electronics",3,4100,12300,2023-12-30,"Cash","North"
"61",61,1072,"Headphones","Accessories",6,3450,20700,2023-01-10,"Bank Transfer","West"
"62",62,1076,"Laptop","Electronics",6,2200,13200,2023-07-14,"Cryptocurrency","South"
"63",63,1063,"Laptop","Electronics",9,4850,43650,2023-10-10,"PayPal","Central"
"64",64,1141,"Headphones","Accessories",6,2550,15300,2023-11-27,"PayPal","South"
"65",65,1210,"Keyboard","Accessories",4,4250,17000,2023-12-25,"Cash","South"
"66",66,1353,"Headphones","Electronics",2,1200,2400,2023-09-30,"Debit Card","Central"
"67",67,1347,"Smartwatch","Electronics",7,1200,8400,2023-11-20,"Cryptocurrency","South"
"68",68,1153,"Monitor","Accessories",9,2250,20250,2023-09-08,"Credit Card","West"
"69",69,1294,"Laptop","Accessories",4,1700,6800,2023-12-14,"Cryptocurrency","North"
"70",70,1277,"Mouse","Electronics",1,2500,2500,2023-03-04,"Cash","East"
"71",71,1463,"Keyboard","Electronics",8,700,5600,2023-05-04,"PayPal","East"
"72",72,1041,"Keyboard","Electronics",3,4350,13050,2023-08-11,"Cash","South"
"73",73,1431,"Headphones","Accessories",9,4500,40500,2023-06-10,"PayPal","East"
"74",74,1090,"Keyboard","Electronics",6,550,3300,2023-02-12,"PayPal","Central"
"75",75,1316,"Monitor","Electronics",3,3000,9000,2023-12-16,"Debit Card","North"
"76",76,1223,"Smartwatch","Electronics",3,4850,14550,2023-01-23,"Cryptocurrency","West"
"77",77,1016,"Smartwatch","Electronics",4,4200,16800,2023-12-23,"Bank Transfer","East"
"78",78,1116,"Keyboard","Accessories",6,2100,12600,2023-10-23,"Cryptocurrency","East"
"79",79,1094,"Keyboard","Electronics",2,800,1600,2023-09-30,"Credit Card","South"
"80",80,1262,"Mouse","Accessories",7,1200,8400,2023-03-28,"Cryptocurrency","West"
"81",81,1235,"Smartphone","Electronics",6,4950,29700,2023-11-03,"Debit Card","West"
"82",82,1456,"Mouse","Accessories",7,4800,33600,2023-01-23,"Bank Transfer","North"
"83",83,1086,"Keyboard","Electronics",4,1000,4000,2023-12-14,"Bank Transfer","South"
"84",84,1342,"Tablet","Accessories",7,2850,19950,2023-01-16,"Debit Card","West"
"85",85,1039,"Monitor","Accessories",10,1700,17000,2023-05-20,"PayPal","North"
"86",86,1159,"Keyboard","Electronics",4,950,3800,2023-04-27,"Bank Transfer","North"
"87",87,1240,"Headphones","Accessories",9,1850,16650,2023-04-28,"Cash","South"
"88",88,1209,"Mouse","Accessories",5,750,3750,2023-04-06,"PayPal","East"
"89",89,1374,"Headphones","Electronics",9,1050,9450,2023-11-06,"Cryptocurrency","Central"
"90",90,1306,"Smartwatch","Electronics",9,1400,12600,2023-05-11,"Cryptocurrency","East"
"91",91,1497,"Mouse","Electronics",3,2200,6600,2023-09-16,"Cryptocurrency","South"
"92",92,1034,"Laptop","Electronics",1,850,850,2023-11-05,"Cryptocurrency","Central"
"93",93,1004,"Smartphone","Accessories",9,3200,28800,2023-01-19,"Cryptocurrency","Central"
"94",94,1013,"Smartphone","Accessories",9,2850,25650,2023-11-13,"Bank Transfer","South"
"95",95,1069,"Smartphone","Electronics",3,550,1650,2023-05-12,"Bank Transfer","West"
"96",96,1383,"Smartwatch","Electronics",4,4300,17200,2023-10-09,"Cash","West"
"97",97,1243,"Monitor","Electronics",7,3100,21700,2023-04-26,"PayPal","North"
"98",98,1409,"Tablet","Electronics",9,4600,41400,2023-11-10,"Cash","South"
"99",99,1308,"Keyboard","Accessories",10,2000,20000,2023-08-05,"Cash","North"
"100",100,1278,"Monitor","Electronics",8,4200,33600,2023-07-20,"Debit Card","Central"
"101",101,1089,"Tablet","Accessories",3,4200,12600,2023-01-13,"Debit Card","East"
"102",102,1416,"Laptop","Accessories",6,1900,11400,2023-04-27,"Bank Transfer","North"
"103",103,1494,"Smartwatch","Accessories",1,2100,2100,2023-07-08,"PayPal","Central"
"104",104,1025,"Smartwatch","Electronics",9,1800,16200,2023-08-26,"Cryptocurrency","North"
"105",105,1471,"Headphones","Accessories",9,1700,15300,2023-08-17,"Credit Card","East"
"106",106,1291,"Keyboard","Accessories",7,4050,28350,2023-01-31,"Debit Card","North"
"107",107,1424,"Smartwatch","Accessories",8,3250,26000,2023-02-12,"PayPal","South"
"108",108,1368,"Smartwatch","Accessories",1,2450,2450,2023-04-29,"Cash","South"
"109",109,1286,"Smartwatch","Electronics",10,3600,36000,2023-01-05,"Debit Card","South"
"110",110,1396,"Tablet","Accessories",8,4050,32400,2023-01-24,"Cryptocurrency","West"
"111",111,1159,"Tablet","Electronics",2,4450,8900,2023-03-27,"Credit Card","North"
"112",112,1121,"Mouse","Electronics",8,950,7600,2023-08-13,"Cash","West"
"113",113,1110,"Mouse","Accessories",6,1200,7200,2023-09-03,"Cryptocurrency","North"
"114",114,1158,"Smartphone","Accessories",9,2550,22950,2023-12-20,"PayPal","North"
"115",115,1064,"Monitor","Electronics",2,1650,3300,2023-07-06,"Cash","East"
"116",116,1483,"Laptop","Electronics",7,2450,17150,2023-11-21,"Debit Card","West"
"117",117,1398,"Keyboard","Electronics",7,550,3850,2023-04-01,"Debit Card","East"
"118",118,1477,"Smartphone","Electronics",9,1350,12150,2023-11-13,"Bank Transfer","East"
"119",119,1480,"Keyboard","Electronics",3,4200,12600,2023-01-19,"Cash","West"
"120",120,1199,"Mouse","Electronics",3,550,1650,2023-09-25,"Credit Card","North"
"121",121,1067,"Smartphone","Electronics",5,3450,17250,2023-02-02,"Cash","South"
"122",122,1151,"Tablet","Accessories",2,1400,2800,2023-01-31,"PayPal","North"
"123",123,1378,"Monitor","Accessories",4,3750,15000,2023-10-19,"Credit Card","West"
"124",124,1335,"Laptop","Electronics",10,2500,25000,2023-05-23,"Bank Transfer","North"
"125",125,1085,"Keyboard","Electronics",1,4800,4800,2023-10-11,"Credit Card","West"
"126",126,1165,"Smartwatch","Accessories",10,700,7000,2023-08-16,"Credit Card","West"
"127",127,1136,"Mouse","Electronics",5,750,3750,2023-08-06,"Cryptocurrency","West"
"128",128,1051,"Headphones","Electronics",10,4500,45000,2023-05-16,"Debit Card","Central"
"129",129,1074,"Smartwatch","Electronics",8,1800,14400,2023-12-08,"Cryptocurrency","East"
"130",130,1178,"Mouse","Accessories",5,1050,5250,2023-10-29,"PayPal","East"
"131",131,1362,"Keyboard","Electronics",6,4400,26400,2023-05-03,"PayPal","West"
"132",132,1236,"Headphones","Accessories",9,1150,10350,2023-07-07,"Bank Transfer","West"
"133",133,1098,"Mouse","Accessories",3,550,1650,2023-03-13,"Cryptocurrency","North"
"134",134,1330,"Laptop","Accessories",1,4450,4450,2023-10-25,"PayPal","East"
"135",135,1214,"Smartphone","Accessories",9,1200,10800,2023-11-22,"Bank Transfer","North"
"136",136,1127,"Headphones","Accessories",2,3500,7000,2023-07-15,"Credit Card","North"
"137",137,1460,"Keyboard","Accessories",1,4150,4150,2023-10-26,"PayPal","West"
"138",138,1212,"Headphones","Accessories",8,1650,13200,2023-03-21,"Cash","Central"
"139",139,1174,"Laptop","Electronics",9,5000,45000,2023-04-13,"PayPal","East"
"140",140,1273,"Monitor","Accessories",2,600,1200,2023-07-10,"Debit Card","North"
"141",141,1446,"Smartphone","Electronics",3,2150,6450,2023-08-11,"Debit Card","Central"
"142",142,1302,"Keyboard","Electronics",6,2600,15600,2023-08-26,"Debit Card","North"
"143",143,1310,"Headphones","Accessories",1,2450,2450,2023-10-03,"Cash","Central"
"144",144,1419,"Tablet","Accessories",7,3400,23800,2023-01-07,"Cash","North"
"145",145,1232,"Smartwatch","Electronics",2,1950,3900,2023-07-20,"Credit Card","South"
"146",146,1366,"Mouse","Accessories",5,1250,6250,2023-07-31,"PayPal","Central"
"147",147,1243,"Keyboard","Electronics",10,900,9000,2023-04-18,"Cryptocurrency","North"
"148",148,1350,"Smartwatch","Electronics",3,3300,9900,2023-01-11,"Cryptocurrency","Central"
"149",149,1335,"Keyboard","Accessories",7,3650,25550,2023-02-18,"Cash","North"
"150",150,1280,"Smartphone","Accessories",2,2800,5600,2023-01-02,"Debit Card","West"
"151",151,1113,"Tablet","Electronics",8,4300,34400,2023-09-10,"PayPal","West"
"152",152,1471,"Smartphone","Accessories",3,3200,9600,2023-12-26,"Credit Card","West"
"153",153,1107,"Smartphone","Electronics",4,5000,20000,2023-01-29,"Bank Transfer","Central"
"154",154,1391,"Laptop","Accessories",3,4550,13650,2023-08-03,"Cryptocurrency","South"
"155",155,1477,"Keyboard","Electronics",3,2650,7950,2023-06-14,"Cash","South"
"156",156,1463,"Monitor","Electronics",2,4100,8200,2023-12-07,"Bank Transfer","Central"
"157",157,1151,"Smartwatch","Accessories",4,3350,13400,2023-01-30,"Credit Card","East"
"158",158,1154,"Headphones","Accessories",4,4100,16400,2023-05-14,"Credit Card","Central"
"159",159,1102,"Headphones","Accessories",6,2850,17100,2023-07-10,"Debit Card","Central"
"160",160,1494,"Monitor","Accessories",6,3900,23400,2023-11-07,"Debit Card","Central"
"161",161,1255,"Keyboard","Accessories",3,2450,7350,2023-09-01,"Bank Transfer","North"
"162",162,1160,"Smartphone","Accessories",9,3550,31950,2023-01-27,"PayPal","South"
"163",163,1391,"Tablet","Accessories",5,4550,22750,2023-02-10,"Cash","South"
"164",164,1155,"Mouse","Accessories",5,750,3750,2023-11-12,"Debit Card","North"
"165",165,1426,"Headphones","Accessories",8,1550,12400,2023-02-01,"Bank Transfer","East"
"166",166,1005,"Smartwatch","Accessories",5,4950,24750,2023-11-12,"Bank Transfer","West"
"167",167,1326,"Monitor","Electronics",5,2350,11750,2023-03-25,"PayPal","South"
"168",168,1272,"Tablet","Electronics",3,2250,6750,2023-12-08,"Debit Card","South"
"169",169,1280,"Keyboard","Electronics",7,1200,8400,2023-01-04,"Bank Transfer","East"
"170",170,1288,"Smartphone","Electronics",1,2900,2900,2023-04-13,"Cryptocurrency","Central"
"171",171,1277,"Smartphone","Electronics",2,1800,3600,2023-06-28,"Cryptocurrency","East"
"172",172,1055,"Smartwatch","Electronics",1,4050,4050,2023-04-04,"PayPal","Central"
"173",173,1331,"Laptop","Electronics",8,3300,26400,2023-06-11,"Cash","East"
"174",174,1420,"Smartwatch","Accessories",1,4750,4750,2023-01-18,"PayPal","West"
"175",175,1492,"Mouse","Accessories",2,4900,9800,2023-03-27,"Cash","Central"
"176",176,1238,"Smartphone","Accessories",10,1150,11500,2023-12-25,"Bank Transfer","East"
"177",177,1252,"Tablet","Electronics",2,4050,8100,2023-10-18,"Debit Card","South"
"178",178,1339,"Smartphone","Electronics",6,600,3600,2023-10-13,"Cash","North"
"179",179,1473,"Mouse","Accessories",3,3650,10950,2023-01-03,"PayPal","West"
"180",180,1039,"Smartphone","Accessories",8,2550,20400,2023-08-25,"PayPal","West"
"181",181,1310,"Laptop","Electronics",1,1400,1400,2023-11-24,"Cryptocurrency","East"
"182",182,1474,"Smartwatch","Accessories",6,2000,12000,2023-11-25,"Credit Card","West"
"183",183,1137,"Tablet","Electronics",8,2650,21200,2023-10-15,"PayPal","North"
"184",184,1455,"Tablet","Electronics",1,3950,3950,2023-01-30,"PayPal","Central"
"185",185,1226,"Mouse","Electronics",4,1750,7000,2023-06-02,"Cash","Central"
"186",186,1048,"Mouse","Accessories",8,1900,15200,2023-02-13,"Debit Card","North"
"187",187,1077,"Tablet","Electronics",3,2400,7200,2023-10-02,"Cryptocurrency","West"
"188",188,1083,"Headphones","Electronics",1,1500,1500,2023-11-18,"Debit Card","South"
"189",189,1184,"Smartwatch","Electronics",6,3300,19800,2023-02-13,"Cash","East"
"190",190,1500,"Laptop","Accessories",3,650,1950,2023-04-13,"PayPal","North"
"191",191,1367,"Monitor","Accessories",5,950,4750,2023-01-18,"Cash","Central"
"192",192,1039,"Keyboard","Electronics",1,4450,4450,2023-11-26,"PayPal","South"
"193",193,1196,"Mouse","Electronics",6,3200,19200,2023-11-03,"Cryptocurrency","South"
"194",194,1257,"Monitor","Electronics",5,4450,22250,2023-04-22,"Cash","West"
"195",195,1168,"Smartphone","Accessories",1,2200,2200,2023-02-16,"PayPal","West"
"196",196,1286,"Keyboard","Electronics",8,2400,19200,2023-10-30,"Bank Transfer","South"
"197",197,1094,"Smartwatch","Electronics",9,1950,17550,2023-06-25,"Bank Transfer","South"
"198",198,1500,"Mouse","Electronics",5,1500,7500,2023-07-02,"PayPal","West"
"199",199,1473,"Smartphone","Electronics",5,5000,25000,2023-04-28,"Credit Card","Central"
"200",200,1272,"Smartwatch","Electronics",8,2350,18800,2023-10-14,"Bank Transfer","East"
"201",201,1344,"Monitor","Accessories",4,550,2200,2023-06-24,"Credit Card","West"
"202",202,1310,"Mouse","Electronics",4,2750,11000,2023-04-07,"Cryptocurrency","South"
"203",203,1459,"Laptop","Accessories",4,2250,9000,2023-07-08,"PayPal","East"
"204",204,1432,"Headphones","Electronics",5,3150,15750,2023-01-20,"Cryptocurrency","North"
"205",205,1020,"Mouse","Electronics",4,950,3800,2023-11-22,"Cash","South"
"206",206,1360,"Tablet","Accessories",6,2300,13800,2023-03-27,"Cryptocurrency","Central"
"207",207,1195,"Monitor","Accessories",10,2650,26500,2023-02-13,"PayPal","West"
"208",208,1349,"Keyboard","Accessories",4,3850,15400,2023-06-21,"Bank Transfer","East"
"209",209,1164,"Smartwatch","Accessories",1,800,800,2023-02-27,"Cryptocurrency","South"
"210",210,1052,"Mouse","Accessories",8,1000,8000,2023-03-11,"PayPal","Central"
"211",211,1364,"Mouse","Accessories",5,550,2750,2023-03-15,"Cryptocurrency","North"
"212",212,1022,"Headphones","Accessories",5,1100,5500,2023-12-28,"Credit Card","North"
"213",213,1177,"Smartwatch","Electronics",10,2050,20500,2023-04-17,"Bank Transfer","North"
"214",214,1042,"Keyboard","Electronics",3,1000,3000,2023-01-17,"Credit Card","East"
"215",215,1315,"Monitor","Accessories",1,4800,4800,2023-10-23,"Debit Card","South"
"216",216,1084,"Mouse","Accessories",2,2450,4900,2023-06-30,"Debit Card","North"
"217",217,1011,"Laptop","Electronics",3,2450,7350,2023-06-14,"PayPal","South"
"218",218,1121,"Tablet","Accessories",4,750,3000,2023-07-26,"Credit Card","West"
"219",219,1439,"Smartphone","Accessories",10,700,7000,2023-05-23,"PayPal","North"
"220",220,1392,"Laptop","Electronics",4,1900,7600,2023-11-01,"Bank Transfer","West"
"221",221,1302,"Laptop","Electronics",4,2850,11400,2023-12-03,"Credit Card","Central"
"222",222,1085,"Smartphone","Accessories",10,3450,34500,2023-05-29,"PayPal","East"
"223",223,1365,"Keyboard","Accessories",1,3700,3700,2023-06-07,"Bank Transfer","South"
"224",224,1194,"Tablet","Accessories",9,950,8550,2023-06-13,"Debit Card","Central"
"225",225,1107,"Headphones","Accessories",1,550,550,2023-03-07,"Debit Card","Central"
"226",226,1077,"Monitor","Accessories",5,3600,18000,2023-01-12,"PayPal","East"
"227",227,1430,"Mouse","Accessories",4,4300,17200,2023-10-10,"Bank Transfer","South"
"228",228,1198,"Keyboard","Electronics",1,1200,1200,2023-03-08,"Bank Transfer","North"
"229",229,1249,"Keyboard","Electronics",7,3950,27650,2023-10-02,"PayPal","East"
"230",230,1200,"Smartphone","Accessories",9,3500,31500,2023-01-24,"Credit Card","South"
"231",231,1428,"Headphones","Accessories",5,1200,6000,2023-06-13,"Bank Transfer","North"
"232",232,1160,"Monitor","Accessories",9,2900,26100,2023-11-30,"Cash","North"
"233",233,1250,"Smartphone","Electronics",6,2200,13200,2023-02-09,"Debit Card","West"
"234",234,1292,"Keyboard","Accessories",9,3300,29700,2023-06-26,"PayPal","East"
"235",235,1429,"Laptop","Electronics",3,2950,8850,2023-03-26,"PayPal","South"
"236",236,1398,"Smartwatch","Electronics",9,4150,37350,2023-07-09,"Debit Card","East"
"237",237,1016,"Monitor","Electronics",1,4250,4250,2023-05-30,"Cash","West"
"238",238,1471,"Tablet","Electronics",3,850,2550,2023-04-27,"Debit Card","South"
"239",239,1381,"Headphones","Accessories",6,850,5100,2023-08-03,"Bank Transfer","West"
"240",240,1033,"Tablet","Electronics",2,650,1300,2023-06-01,"Debit Card","North"
"241",241,1040,"Laptop","Electronics",1,1200,1200,2023-02-06,"Cash","Central"
"242",242,1424,"Keyboard","Accessories",10,4500,45000,2023-12-21,"Cash","East"
"243",243,1010,"Monitor","Electronics",5,5000,25000,2023-04-11,"Debit Card","East"
"244",244,1473,"Smartwatch","Electronics",1,2150,2150,2023-02-05,"Debit Card","West"
"245",245,1200,"Tablet","Electronics",6,1800,10800,2023-02-14,"Debit Card","North"
"246",246,1466,"Monitor","Electronics",6,4000,24000,2023-09-13,"Cash","Central"
"247",247,1125,"Smartwatch","Electronics",8,5000,40000,2023-04-28,"PayPal","East"
"248",248,1265,"Laptop","Electronics",1,1100,1100,2023-11-29,"Credit Card","North"
"249",249,1263,"Mouse","Electronics",6,850,5100,2023-05-12,"Cash","East"
"250",250,1391,"Laptop","Accessories",1,1700,1700,2023-07-10,"Credit Card","North"
"251",251,1186,"Mouse","Accessories",6,3650,21900,2023-01-16,"Credit Card","North"
"252",252,1061,"Smartwatch","Electronics",6,3100,18600,2023-08-22,"Credit Card","East"
"253",253,1252,"Tablet","Electronics",5,3100,15500,2023-07-09,"Debit Card","East"
"254",254,1458,"Mouse","Electronics",10,1750,17500,2023-10-15,"PayPal","East"
"255",255,1152,"Smartwatch","Electronics",9,4500,40500,2023-10-06,"Cash","West"
"256",256,1319,"Headphones","Electronics",10,1050,10500,2023-09-06,"Bank Transfer","West"
"257",257,1054,"Tablet","Electronics",3,2700,8100,2023-09-02,"Cryptocurrency","West"
"258",258,1407,"Mouse","Accessories",9,1250,11250,2023-08-31,"Debit Card","North"
"259",259,1026,"Keyboard","Electronics",5,950,4750,2023-03-17,"Bank Transfer","North"
"260",260,1235,"Laptop","Electronics",7,700,4900,2023-05-02,"Cash","East"
"261",261,1289,"Mouse","Electronics",2,2800,5600,2023-12-05,"Credit Card","North"
"262",262,1185,"Laptop","Accessories",6,750,4500,2023-02-27,"PayPal","South"
"263",263,1253,"Laptop","Accessories",10,1500,15000,2023-12-25,"Cash","East"
"264",264,1413,"Headphones","Accessories",7,4500,31500,2023-09-08,"Credit Card","North"
"265",265,1115,"Laptop","Electronics",9,1750,15750,2023-08-20,"Bank Transfer","Central"
"266",266,1010,"Smartphone","Accessories",3,4250,12750,2023-01-16,"PayPal","East"
"267",267,1309,"Mouse","Accessories",9,2600,23400,2023-09-23,"Cash","Central"
"268",268,1054,"Tablet","Electronics",6,1650,9900,2023-11-11,"Cash","South"
"269",269,1205,"Laptop","Electronics",6,4050,24300,2023-11-15,"PayPal","North"
"270",270,1363,"Laptop","Accessories",8,3700,29600,2023-05-28,"Cryptocurrency","North"
"271",271,1267,"Keyboard","Accessories",4,4800,19200,2023-01-18,"Cryptocurrency","South"
"272",272,1025,"Keyboard","Accessories",6,2200,13200,2023-02-07,"Cryptocurrency","East"
"273",273,1052,"Monitor","Accessories",1,3550,3550,2023-08-19,"Credit Card","West"
"274",274,1282,"Monitor","Accessories",4,4150,16600,2023-10-14,"PayPal","Central"
"275",275,1391,"Headphones","Accessories",6,1850,11100,2023-10-17,"Debit Card","East"
"276",276,1409,"Smartwatch","Accessories",10,3050,30500,2023-04-27,"PayPal","East"
"277",277,1215,"Headphones","Accessories",7,1600,11200,2023-03-17,"Cash","South"
"278",278,1346,"Mouse","Electronics",7,1200,8400,2023-11-29,"Cash","North"
"279",279,1160,"Keyboard","Electronics",5,2400,12000,2023-01-28,"Debit Card","North"
"280",280,1468,"Headphones","Accessories",1,3200,3200,2023-06-27,"Cryptocurrency","Central"
"281",281,1408,"Monitor","Electronics",3,4750,14250,2023-06-05,"Debit Card","West"
"282",282,1057,"Headphones","Accessories",8,1250,10000,2023-06-21,"Debit Card","South"
"283",283,1457,"Laptop","Electronics",1,4250,4250,2023-01-07,"Cryptocurrency","Central"
"284",284,1105,"Smartphone","Electronics",8,1450,11600,2023-08-22,"Cryptocurrency","North"
"285",285,1357,"Monitor","Accessories",7,4100,28700,2023-08-19,"Credit Card","Central"
"286",286,1279,"Headphones","Accessories",3,1850,5550,2023-04-03,"PayPal","Central"
"287",287,1270,"Tablet","Electronics",1,600,600,2023-03-15,"Cash","East"
"288",288,1366,"Smartwatch","Accessories",8,2700,21600,2023-11-24,"PayPal","South"
"289",289,1134,"Keyboard","Electronics",8,3500,28000,2023-02-15,"Debit Card","Central"
"290",290,1347,"Laptop","Electronics",7,3300,23100,2023-02-01,"Bank Transfer","East"
"291",291,1129,"Headphones","Accessories",9,3450,31050,2023-03-26,"Debit Card","West"
"292",292,1218,"Mouse","Accessories",1,3850,3850,2023-04-05,"Bank Transfer","South"
"293",293,1106,"Keyboard","Accessories",8,4150,33200,2023-07-05,"Cash","Central"
"294",294,1369,"Laptop","Accessories",1,4150,4150,2023-05-27,"Cryptocurrency","West"
"295",295,1186,"Keyboard","Accessories",6,700,4200,2023-08-19,"Credit Card","South"
"296",296,1337,"Smartphone","Accessories",2,4200,8400,2023-12-10,"PayPal","South"
"297",297,1285,"Laptop","Electronics",5,1050,5250,2023-03-14,"Cash","West"
"298",298,1026,"Smartphone","Electronics",10,700,7000,2023-05-16,"Cryptocurrency","North"
"299",299,1027,"Keyboard","Accessories",3,4850,14550,2023-04-08,"Debit Card","South"
"300",300,1469,"Smartphone","Electronics",10,3550,35500,2023-08-06,"Cryptocurrency","West"
"301",301,1007,"Keyboard","Electronics",4,3850,15400,2023-02-10,"Credit Card","West"
"302",302,1444,"Keyboard","Accessories",8,3700,29600,2023-02-11,"PayPal","Central"
"303",303,1245,"Tablet","Electronics",6,4600,27600,2023-10-22,"Cash","South"
"304",304,1154,"Smartphone","Electronics",9,1000,9000,2023-10-06,"Debit Card","East"
"305",305,1041,"Smartwatch","Accessories",5,2400,12000,2023-06-04,"PayPal","South"
"306",306,1212,"Keyboard","Electronics",1,1900,1900,2023-09-17,"Credit Card","East"
"307",307,1390,"Headphones","Electronics",1,5000,5000,2023-10-17,"Credit Card","West"
"308",308,1498,"Tablet","Accessories",2,4850,9700,2023-02-16,"Debit Card","South"
"309",309,1222,"Laptop","Accessories",10,700,7000,2023-07-11,"Debit Card","West"
"310",310,1159,"Mouse","Electronics",9,3750,33750,2023-11-17,"Credit Card","South"
"311",311,1349,"Mouse","Accessories",1,2500,2500,2023-07-18,"PayPal","South"
"312",312,1145,"Monitor","Accessories",2,1750,3500,2023-05-25,"Debit Card","West"
"313",313,1448,"Smartphone","Accessories",9,1850,16650,2023-05-07,"PayPal","South"
"314",314,1421,"Headphones","Electronics",1,2800,2800,2023-08-11,"Credit Card","North"
"315",315,1057,"Mouse","Accessories",2,3950,7900,2023-08-16,"Debit Card","East"
"316",316,1148,"Monitor","Accessories",4,4950,19800,2023-06-15,"PayPal","South"
"317",317,1163,"Smartwatch","Accessories",8,3950,31600,2023-12-06,"Cryptocurrency","South"
"318",318,1473,"Monitor","Accessories",8,650,5200,2023-03-01,"PayPal","East"
"319",319,1238,"Smartwatch","Electronics",5,3650,18250,2023-01-17,"Debit Card","East"
"320",320,1161,"Headphones","Electronics",9,1550,13950,2023-07-11,"Debit Card","South"
"321",321,1066,"Smartwatch","Electronics",10,4400,44000,2023-12-27,"Cash","South"
"322",322,1004,"Laptop","Electronics",1,750,750,2023-08-26,"PayPal","North"
"323",323,1330,"Laptop","Electronics",4,3300,13200,2023-02-28,"Cryptocurrency","West"
"324",324,1225,"Headphones","Accessories",7,3800,26600,2023-06-03,"Cash","Central"
"325",325,1389,"Smartwatch","Accessories",6,4700,28200,2023-03-22,"Credit Card","North"
"326",326,1117,"Mouse","Electronics",2,4150,8300,2023-08-29,"Debit Card","North"
"327",327,1025,"Smartphone","Electronics",7,4900,34300,2023-02-01,"Debit Card","North"
"328",328,1136,"Monitor","Accessories",3,3700,11100,2023-08-06,"Credit Card","West"
"329",329,1055,"Tablet","Accessories",2,2200,4400,2023-11-23,"Cryptocurrency","South"
"330",330,1217,"Laptop","Electronics",1,2450,2450,2023-11-21,"Credit Card","South"
"331",331,1085,"Headphones","Electronics",6,550,3300,2023-04-23,"PayPal","West"
"332",332,1045,"Headphones","Accessories",6,2750,16500,2023-06-06,"Bank Transfer","West"
"333",333,1146,"Smartwatch","Accessories",4,1400,5600,2023-12-10,"Credit Card","Central"
"334",334,1170,"Headphones","Electronics",5,4950,24750,2023-10-04,"Credit Card","West"
"335",335,1415,"Smartphone","Electronics",5,2100,10500,2023-02-17,"Cryptocurrency","East"
"336",336,1134,"Tablet","Electronics",10,4800,48000,2023-12-07,"Cash","North"
"337",337,1199,"Tablet","Electronics",8,600,4800,2023-08-29,"Debit Card","South"
"338",338,1445,"Smartphone","Electronics",6,2300,13800,2023-07-05,"Debit Card","Central"
"339",339,1361,"Monitor","Accessories",10,3650,36500,2023-08-03,"Debit Card","West"
"340",340,1176,"Smartwatch","Accessories",7,4850,33950,2023-01-11,"Cash","East"
"341",341,1401,"Headphones","Electronics",3,3500,10500,2023-03-28,"Cryptocurrency","North"
"342",342,1245,"Smartphone","Electronics",1,3400,3400,2023-05-30,"Cash","Central"
"343",343,1429,"Smartphone","Accessories",2,3650,7300,2023-04-02,"Bank Transfer","West"
"344",344,1476,"Laptop","Electronics",10,1100,11000,2023-09-30,"Credit Card","East"
"345",345,1447,"Keyboard","Electronics",5,4100,20500,2023-12-01,"Bank Transfer","East"
"346",346,1309,"Monitor","Electronics",5,1300,6500,2023-02-03,"Cash","North"
"347",347,1104,"Monitor","Electronics",7,4350,30450,2023-04-07,"Credit Card","Central"
"348",348,1309,"Keyboard","Electronics",1,3100,3100,2023-11-25,"Credit Card","Central"
"349",349,1319,"Laptop","Accessories",1,850,850,2023-10-18,"PayPal","South"
"350",350,1199,"Laptop","Accessories",10,2300,23000,2023-01-04,"PayPal","Central"
"351",351,1468,"Keyboard","Electronics",2,1050,2100,2023-09-03,"Cryptocurrency","East"
"352",352,1210,"Mouse","Electronics",2,4650,9300,2023-04-28,"PayPal","South"
"353",353,1349,"Laptop","Electronics",5,700,3500,2023-02-10,"Debit Card","South"
"354",354,1401,"Monitor","Accessories",1,3300,3300,2023-11-27,"Bank Transfer","West"
"355",355,1225,"Monitor","Accessories",3,2950,8850,2023-10-24,"PayPal","West"
"356",356,1258,"Mouse","Accessories",10,3000,30000,2023-09-29,"Debit Card","East"
"357",357,1177,"Mouse","Electronics",9,2200,19800,2023-04-18,"Cryptocurrency","South"
"358",358,1386,"Headphones","Electronics",3,700,2100,2023-01-13,"Cryptocurrency","West"
"359",359,1141,"Tablet","Accessories",2,4050,8100,2023-12-08,"Cash","North"
"360",360,1024,"Smartwatch","Electronics",1,2300,2300,2023-09-04,"Debit Card","Central"
"361",361,1433,"Tablet","Accessories",9,3200,28800,2023-09-17,"Cryptocurrency","South"
"362",362,1451,"Headphones","Electronics",3,1750,5250,2023-07-19,"PayPal","South"
"363",363,1466,"Tablet","Electronics",2,3450,6900,2023-02-06,"Credit Card","West"
"364",364,1130,"Keyboard","Electronics",9,4900,44100,2023-10-01,"Cash","North"
"365",365,1165,"Keyboard","Accessories",10,3250,32500,2023-03-19,"PayPal","East"
"366",366,1191,"Smartwatch","Accessories",10,4750,47500,2023-04-12,"Credit Card","Central"
"367",367,1076,"Mouse","Electronics",6,2000,12000,2023-09-06,"Bank Transfer","West"
"368",368,1377,"Laptop","Electronics",6,3050,18300,2023-05-30,"Bank Transfer","Central"
"369",369,1269,"Mouse","Electronics",8,900,7200,2023-12-15,"Cash","South"
"370",370,1170,"Smartphone","Accessories",4,900,3600,2023-09-12,"Bank Transfer","West"
"371",371,1445,"Monitor","Electronics",2,3100,6200,2023-04-30,"Debit Card","North"
"372",372,1198,"Smartphone","Accessories",1,1300,1300,2023-07-30,"Debit Card","East"
"373",373,1362,"Keyboard","Accessories",2,1650,3300,2023-10-21,"Credit Card","South"
"374",374,1234,"Keyboard","Accessories",7,3600,25200,2023-06-17,"Bank Transfer","East"
"375",375,1422,"Laptop","Electronics",7,3500,24500,2023-05-15,"Cryptocurrency","North"
"376",376,1368,"Mouse","Accessories",4,4200,16800,2023-12-17,"Credit Card","South"
"377",377,1064,"Tablet","Accessories",5,4450,22250,2023-08-24,"Cryptocurrency","East"
"378",378,1080,"Keyboard","Electronics",10,1800,18000,2023-02-05,"Debit Card","South"
"379",379,1483,"Keyboard","Electronics",1,1850,1850,2023-09-25,"Debit Card","East"
"380",380,1036,"Headphones","Electronics",10,1150,11500,2023-04-23,"Debit Card","North"
"381",381,1475,"Headphones","Electronics",9,1100,9900,2023-05-18,"Debit Card","South"
"382",382,1475,"Laptop","Accessories",7,2800,19600,2023-08-20,"Credit Card","West"
"383",383,1291,"Monitor","Electronics",5,1150,5750,2023-07-07,"Debit Card","South"
"384",384,1253,"Laptop","Electronics",7,4150,29050,2023-05-18,"Cryptocurrency","South"
"385",385,1343,"Headphones","Electronics",5,900,4500,2023-11-26,"Debit Card","North"
"386",386,1323,"Smartphone","Electronics",2,4300,8600,2023-04-03,"Cash","Central"
"387",387,1479,"Keyboard","Electronics",8,4350,34800,2023-11-27,"Debit Card","North"
"388",388,1048,"Headphones","Accessories",7,2850,19950,2023-08-30,"PayPal","East"
"389",389,1450,"Mouse","Accessories",10,3900,39000,2023-11-13,"Cryptocurrency","West"
"390",390,1111,"Mouse","Electronics",8,4950,39600,2023-05-05,"Cash","North"
"391",391,1279,"Monitor","Accessories",9,4300,38700,2023-02-23,"Debit Card","South"
"392",392,1451,"Monitor","Accessories",3,4350,13050,2023-07-13,"Bank Transfer","North"
"393",393,1393,"Mouse","Electronics",6,4050,24300,2023-06-10,"Cash","Central"
"394",394,1317,"Smartwatch","Electronics",7,4000,28000,2023-10-04,"Cryptocurrency","South"
"395",395,1295,"Headphones","Electronics",3,3400,10200,2023-05-27,"Bank Transfer","Central"
"396",396,1222,"Smartphone","Electronics",8,3650,29200,2023-02-14,"Credit Card","West"
"397",397,1287,"Smartphone","Accessories",1,2700,2700,2023-05-14,"Debit Card","East"
"398",398,1222,"Tablet","Electronics",9,3300,29700,2023-07-14,"Debit Card","West"
"399",399,1073,"Mouse","Accessories",6,2750,16500,2023-03-31,"Bank Transfer","West"
"400",400,1292,"Monitor","Electronics",9,4300,38700,2023-06-13,"Bank Transfer","West"
"401",401,1226,"Keyboard","Electronics",3,3300,9900,2023-03-15,"Cash","Central"
"402",402,1278,"Monitor","Accessories",3,2700,8100,2023-11-19,"Credit Card","Central"
"403",403,1378,"Mouse","Accessories",6,4550,27300,2023-09-17,"Debit Card","South"
"404",404,1172,"Mouse","Accessories",9,1450,13050,2023-10-21,"PayPal","East"
"405",405,1297,"Laptop","Accessories",9,2600,23400,2023-03-20,"Debit Card","North"
"406",406,1348,"Smartphone","Electronics",3,4050,12150,2023-09-03,"Cash","West"
"407",407,1093,"Tablet","Accessories",5,850,4250,2023-09-01,"Debit Card","North"
"408",408,1125,"Keyboard","Accessories",7,1200,8400,2023-01-13,"Credit Card","South"
"409",409,1299,"Smartphone","Accessories",2,1500,3000,2023-11-15,"Cryptocurrency","South"
"410",410,1039,"Headphones","Accessories",6,2950,17700,2023-04-05,"Cash","North"
"411",411,1237,"Keyboard","Electronics",8,4500,36000,2023-11-22,"Cash","South"
"412",412,1165,"Tablet","Accessories",5,3350,16750,2023-11-18,"Bank Transfer","West"
"413",413,1107,"Monitor","Accessories",3,3500,10500,2023-06-07,"Bank Transfer","South"
"414",414,1033,"Smartphone","Electronics",10,2100,21000,2023-05-20,"Cryptocurrency","North"
"415",415,1083,"Mouse","Accessories",5,3500,17500,2023-12-12,"Bank Transfer","East"
"416",416,1396,"Mouse","Electronics",4,1600,6400,2023-09-07,"Bank Transfer","East"
"417",417,1354,"Smartphone","Electronics",4,3950,15800,2023-10-24,"Credit Card","West"
"418",418,1277,"Tablet","Electronics",7,4500,31500,2023-05-08,"Bank Transfer","North"
"419",419,1209,"Tablet","Electronics",1,1850,1850,2023-08-21,"Cash","East"
"420",420,1076,"Mouse","Electronics",2,650,1300,2023-07-06,"Bank Transfer","North"
"421",421,1094,"Mouse","Accessories",5,950,4750,2023-10-27,"Cash","East"
"422",422,1291,"Headphones","Electronics",3,1900,5700,2023-04-12,"PayPal","South"
"423",423,1030,"Tablet","Accessories",7,2800,19600,2023-07-07,"Debit Card","South"
"424",424,1217,"Mouse","Accessories",8,4800,38400,2023-06-20,"Bank Transfer","West"
"425",425,1434,"Keyboard","Electronics",5,550,2750,2023-04-25,"Bank Transfer","Central"
"426",426,1175,"Keyboard","Electronics",7,800,5600,2023-04-20,"PayPal","West"
"427",427,1374,"Smartwatch","Accessories",3,4550,13650,2023-07-03,"Cryptocurrency","South"
"428",428,1323,"Laptop","Accessories",6,2500,15000,2023-11-28,"Debit Card","Central"
"429",429,1115,"Headphones","Electronics",8,500,4000,2023-11-17,"PayPal","West"
"430",430,1377,"Mouse","Electronics",10,1000,10000,2023-06-27,"PayPal","North"
"431",431,1338,"Laptop","Electronics",6,4050,24300,2023-02-08,"Cash","South"
"432",432,1096,"Monitor","Electronics",10,1150,11500,2023-06-05,"Cash","North"
"433",433,1465,"Tablet","Electronics",8,850,6800,2023-11-21,"Bank Transfer","East"
"434",434,1358,"Monitor","Accessories",10,850,8500,2023-07-01,"Debit Card","South"
"435",435,1170,"Tablet","Electronics",6,4000,24000,2023-01-21,"Debit Card","Central"
"436",436,1424,"Tablet","Electronics",3,3600,10800,2023-07-16,"Cryptocurrency","Central"
"437",437,1426,"Keyboard","Electronics",7,3600,25200,2023-01-12,"PayPal","South"
"438",438,1096,"Keyboard","Electronics",1,2950,2950,2023-02-05,"Cryptocurrency","North"
"439",439,1026,"Keyboard","Accessories",6,850,5100,2023-12-15,"Cash","West"
"440",440,1397,"Mouse","Accessories",5,4100,20500,2023-08-20,"Debit Card","Central"
"441",441,1404,"Smartphone","Accessories",2,2350,4700,2023-05-09,"Debit Card","South"
"442",442,1230,"Tablet","Electronics",7,3500,24500,2023-06-03,"Debit Card","West"
"443",443,1148,"Smartwatch","Accessories",3,2850,8550,2023-11-04,"Debit Card","South"
"444",444,1477,"Smartwatch","Electronics",3,3400,10200,2023-03-20,"Debit Card","Central"
"445",445,1468,"Smartphone","Electronics",4,2300,9200,2023-12-14,"Credit Card","Central"
"446",446,1350,"Keyboard","Electronics",1,3250,3250,2023-06-25,"Cryptocurrency","West"
"447",447,1425,"Smartphone","Electronics",6,3050,18300,2023-09-27,"Debit Card","East"
"448",448,1496,"Laptop","Electronics",5,4100,20500,2023-03-02,"Credit Card","East"
"449",449,1392,"Keyboard","Accessories",2,600,1200,2023-01-08,"Bank Transfer","East"
"450",450,1423,"Laptop","Accessories",7,2150,15050,2023-12-13,"Cryptocurrency","Central"
"451",451,1202,"Keyboard","Electronics",10,500,5000,2023-10-01,"Cryptocurrency","Central"
"452",452,1081,"Smartwatch","Electronics",1,2450,2450,2023-09-05,"Credit Card","East"
"453",453,1447,"Mouse","Accessories",5,3350,16750,2023-01-15,"Cash","South"
"454",454,1338,"Mouse","Electronics",5,600,3000,2023-11-07,"Cryptocurrency","East"
"455",455,1232,"Monitor","Accessories",8,750,6000,2023-08-01,"Credit Card","West"
"456",456,1243,"Laptop","Accessories",3,4400,13200,2023-01-25,"Cash","Central"
"457",457,1106,"Monitor","Accessories",1,4500,4500,2023-07-05,"Bank Transfer","North"
"458",458,1375,"Keyboard","Electronics",4,1450,5800,2023-07-22,"Credit Card","West"
"459",459,1011,"Mouse","Electronics",8,1400,11200,2023-01-01,"Cryptocurrency","West"
"460",460,1113,"Laptop","Accessories",2,1350,2700,2023-02-23,"Credit Card","North"
"461",461,1364,"Tablet","Electronics",4,1250,5000,2023-07-24,"Debit Card","West"
"462",462,1386,"Mouse","Accessories",8,1000,8000,2023-02-09,"Bank Transfer","Central"
"463",463,1403,"Laptop","Electronics",8,3900,31200,2023-11-24,"Credit Card","North"
"464",464,1461,"Smartphone","Accessories",5,4250,21250,2023-10-01,"Credit Card","North"
"465",465,1141,"Mouse","Electronics",6,3800,22800,2023-08-04,"PayPal","East"
"466",466,1031,"Smartphone","Electronics",7,2350,16450,2023-06-22,"Debit Card","South"
"467",467,1414,"Headphones","Accessories",9,2250,20250,2023-12-01,"Credit Card","North"
"468",468,1115,"Keyboard","Accessories",7,1850,12950,2023-12-26,"Debit Card","North"
"469",469,1278,"Mouse","Accessories",4,3200,12800,2023-03-31,"Credit Card","North"
"470",470,1094,"Tablet","Accessories",2,3500,7000,2023-03-21,"Bank Transfer","South"
"471",471,1202,"Headphones","Accessories",8,1500,12000,2023-01-24,"Debit Card","North"
"472",472,1016,"Smartphone","Electronics",8,950,7600,2023-04-22,"Debit Card","South"
"473",473,1197,"Smartwatch","Accessories",1,1450,1450,2023-06-21,"Debit Card","Central"
"474",474,1420,"Laptop","Electronics",7,2500,17500,2023-12-18,"Debit Card","West"
"475",475,1178,"Smartphone","Accessories",2,2800,5600,2023-12-02,"Cash","South"
"476",476,1417,"Headphones","Electronics",10,1950,19500,2023-06-20,"Debit Card","South"
"477",477,1464,"Tablet","Accessories",6,2950,17700,2023-07-16,"Debit Card","West"
"478",478,1412,"Smartwatch","Electronics",4,4200,16800,2023-05-12,"Bank Transfer","West"
"479",479,1177,"Monitor","Electronics",6,1850,11100,2023-06-03,"Cryptocurrency","Central"
"480",480,1012,"Tablet","Accessories",10,4550,45500,2023-07-04,"Bank Transfer","Central"
"481",481,1437,"Laptop","Accessories",3,3750,11250,2023-03-19,"Bank Transfer","East"
"482",482,1412,"Tablet","Electronics",6,1500,9000,2023-06-07,"Cash","Central"
"483",483,1066,"Smartphone","Accessories",9,3350,30150,2023-02-25,"Debit Card","North"
"484",484,1050,"Smartphone","Electronics",8,3200,25600,2023-04-05,"Bank Transfer","West"
"485",485,1204,"Tablet","Electronics",9,1400,12600,2023-06-29,"Cash","East"
"486",486,1175,"Tablet","Electronics",7,1200,8400,2023-11-26,"Debit Card","Central"
"487",487,1435,"Mouse","Electronics",3,4850,14550,2023-03-24,"Debit Card","West"
"488",488,1373,"Headphones","Accessories",8,2550,20400,2023-04-06,"Bank Transfer","East"
"489",489,1134,"Monitor","Electronics",10,3100,31000,2023-05-13,"Bank Transfer","North"
"490",490,1464,"Mouse","Accessories",2,4650,9300,2023-05-09,"Cryptocurrency","North"
"491",491,1384,"Tablet","Accessories",8,3900,31200,2023-03-17,"Credit Card","East"
"492",492,1122,"Smartphone","Accessories",8,1350,10800,2023-05-26,"Credit Card","West"
"493",493,1399,"Smartwatch","Accessories",8,5000,40000,2023-05-14,"Debit Card","Central"
"494",494,1403,"Keyboard","Accessories",2,2500,5000,2023-11-16,"Credit Card","Central"
"495",495,1315,"Laptop","Accessories",1,4200,4200,2023-07-26,"Cryptocurrency","Central"
"496",496,1259,"Mouse","Electronics",9,3700,33300,2023-12-17,"Credit Card","West"
"497",497,1494,"Smartwatch","Accessories",5,800,4000,2023-06-27,"Debit Card","Central"
"498",498,1353,"Keyboard","Accessories",7,2750,19250,2023-06-19,"Debit Card","West"
"499",499,1248,"Monitor","Accessories",3,2200,6600,2023-12-16,"Debit Card","East"
"500",500,1289,"Mouse","Electronics",6,1100,6600,2023-01-29,"Cryptocurrency","Central"
